id,ActivityDate,TotalSteps,Calories,TotalActiveMinutes,day_of_week
1503960366,2016-04-12,13162,1985,366,Tuesday
1503960366,2016-04-13,10735,1797,257,Wednesday
1503960366,2016-04-14,10460,1776,222,Thursday
1503960366,2016-04-15,9762,1745,272,Friday
1503960366,2016-04-16,12669,1863,267,Saturday
1503960366,2016-04-17,9705,1728,222,Sunday
1503960366,2016-04-18,13019,1921,291,Monday
1503960366,2016-04-19,15506,2035,345,Tuesday
1503960366,2016-04-20,10544,1786,245,Wednesday
1503960366,2016-04-21,9819,1775,238,Thursday
1503960366,2016-04-22,12764,1827,223,Friday
1503960366,2016-04-23,14371,1949,324,Saturday
1503960366,2016-04-24,10039,1788,282,Sunday
1503960366,2016-04-25,15355,2013,303,Monday
1503960366,2016-04-26,13755,1970,333,Tuesday
1503960366,2016-04-27,18134,2159,332,Wednesday
1503960366,2016-04-28,13154,1898,265,Thursday
1503960366,2016-04-29,11181,1837,271,Friday
1503960366,2016-04-30,14673,1947,303,Saturday
1503960366,2016-05-01,10602,1820,314,Sunday
1503960366,2016-05-02,14727,2004,333,Monday
1503960366,2016-05-03,15103,1990,328,Tuesday
1503960366,2016-05-04,11100,1819,261,Wednesday
1503960366,2016-05-05,14070,1959,319,Thursday
1503960366,2016-05-06,12159,1896,319,Friday
1503960366,2016-05-07,11992,1821,258,Saturday
1503960366,2016-05-08,10060,1740,255,Sunday
1503960366,2016-05-09,12022,1819,263,Monday
1503960366,2016-05-10,12207,1859,291,Tuesday
1503960366,2016-05-11,12770,1783,310,Wednesday
1503960366,2016-05-12,0,0,0,Thursday
1624580081,2016-04-12,8163,1432,146,Tuesday
1624580081,2016-04-13,7007,1411,148,Wednesday
1624580081,2016-04-14,9107,1572,236,Thursday
1624580081,2016-04-15,1510,1344,96,Friday
1624580081,2016-04-16,5370,1463,176,Saturday
1624580081,2016-04-17,6175,1554,164,Sunday
1624580081,2016-04-18,10536,1604,226,Monday
1624580081,2016-04-19,2916,1435,141,Tuesday
1624580081,2016-04-20,4974,1446,151,Wednesday
1624580081,2016-04-21,6349,1467,186,Thursday
1624580081,2016-04-22,4026,1470,199,Friday
1624580081,2016-04-23,8538,1562,227,Saturday
1624580081,2016-04-24,6076,1617,219,Sunday
1624580081,2016-04-25,6497,1492,202,Monday
1624580081,2016-04-26,2826,1402,140,Tuesday
1624580081,2016-04-27,8367,1670,207,Wednesday
1624580081,2016-04-28,2759,1401,120,Thursday
1624580081,2016-04-29,2390,1404,150,Friday
1624580081,2016-04-30,6474,1655,258,Saturday
1624580081,2016-05-01,36019,2690,420,Sunday
1624580081,2016-05-02,7155,1497,179,Monday
1624580081,2016-05-03,2100,1334,96,Tuesday
1624580081,2016-05-04,2193,1368,118,Wednesday
1624580081,2016-05-05,2470,1370,117,Thursday
1624580081,2016-05-06,1727,1341,102,Friday
1624580081,2016-05-07,2104,1474,182,Saturday
1624580081,2016-05-08,3427,1427,152,Sunday
1624580081,2016-05-09,1732,1328,91,Monday
1624580081,2016-05-10,2969,1393,139,Tuesday
1624580081,2016-05-11,3134,1359,112,Wednesday
1624580081,2016-05-12,2971,1002,107,Thursday
1644430081,2016-04-12,10694,3199,309,Tuesday
1644430081,2016-04-13,8001,2902,181,Wednesday
1644430081,2016-04-14,11037,3226,315,Thursday
1644430081,2016-04-15,5263,2750,177,Friday
1644430081,2016-04-16,15300,3493,305,Saturday
1644430081,2016-04-17,8757,3011,228,Sunday
1644430081,2016-04-18,7132,2806,169,Monday
1644430081,2016-04-19,11256,3300,341,Tuesday
1644430081,2016-04-20,2436,2430,125,Wednesday
1644430081,2016-04-21,1223,2140,38,Thursday
1644430081,2016-04-22,3673,2344,86,Friday
1644430081,2016-04-23,6637,2677,175,Saturday
1644430081,2016-04-24,3321,2413,89,Sunday
1644430081,2016-04-25,3580,2497,103,Monday
1644430081,2016-04-26,9919,3123,275,Tuesday
1644430081,2016-04-27,3032,2489,118,Wednesday
1644430081,2016-04-28,9405,3108,283,Thursday
1644430081,2016-04-29,3176,2498,120,Friday
1644430081,2016-04-30,18213,3846,482,Saturday
1644430081,2016-05-01,6132,2696,173,Sunday
1644430081,2016-05-02,3758,2580,156,Monday
1644430081,2016-05-03,12850,3324,325,Tuesday
1644430081,2016-05-04,2309,2222,52,Wednesday
1644430081,2016-05-05,4363,2463,99,Thursday
1644430081,2016-05-06,9787,3328,386,Friday
1644430081,2016-05-07,13372,3404,301,Saturday
1644430081,2016-05-08,6724,2987,295,Sunday
1644430081,2016-05-09,6643,3008,341,Monday
1644430081,2016-05-10,9167,2799,186,Tuesday
1644430081,2016-05-11,1329,1276,49,Wednesday
1844505072,2016-04-12,6697,2030,339,Tuesday
1844505072,2016-04-13,4929,1860,248,Wednesday
1844505072,2016-04-14,7937,2130,373,Thursday
1844505072,2016-04-15,3844,1725,176,Friday
1844505072,2016-04-16,3414,1657,147,Saturday
1844505072,2016-04-17,4525,1793,209,Sunday
1844505072,2016-04-18,4597,1814,229,Monday
1844505072,2016-04-19,197,1366,10,Tuesday
1844505072,2016-04-20,8,1349,1,Wednesday
1844505072,2016-04-21,8054,2062,323,Thursday
1844505072,2016-04-22,5372,1827,220,Friday
1844505072,2016-04-23,3570,1645,139,Saturday
1844505072,2016-04-24,0,1347,0,Sunday
1844505072,2016-04-25,0,1347,0,Monday
1844505072,2016-04-26,0,1347,0,Tuesday
1844505072,2016-04-27,4,1348,1,Wednesday
1844505072,2016-04-28,6907,1992,302,Thursday
1844505072,2016-04-29,4920,1856,247,Friday
1844505072,2016-04-30,4014,1763,184,Saturday
1844505072,2016-05-01,2573,1541,82,Sunday
1844505072,2016-05-02,0,1348,0,Monday
1844505072,2016-05-03,4059,1742,184,Tuesday
1844505072,2016-05-04,2080,1549,87,Wednesday
1844505072,2016-05-05,2237,1589,120,Thursday
1844505072,2016-05-06,44,1351,2,Friday
1844505072,2016-05-07,0,1347,0,Saturday
1844505072,2016-05-08,0,1347,0,Sunday
1844505072,2016-05-09,0,1347,0,Monday
1844505072,2016-05-10,0,1347,0,Tuesday
1844505072,2016-05-11,0,1347,0,Wednesday
1844505072,2016-05-12,0,665,0,Thursday
1927972279,2016-04-12,678,2220,55,Tuesday
1927972279,2016-04-13,356,2151,32,Wednesday
1927972279,2016-04-14,2163,2383,97,Thursday
1927972279,2016-04-15,980,2221,51,Friday
1927972279,2016-04-16,0,2064,0,Saturday
1927972279,2016-04-17,0,2063,0,Sunday
1927972279,2016-04-18,244,2111,17,Monday
1927972279,2016-04-19,0,2063,0,Tuesday
1927972279,2016-04-20,0,2063,0,Wednesday
1927972279,2016-04-21,0,2064,0,Thursday
1927972279,2016-04-22,149,2093,10,Friday
1927972279,2016-04-23,2945,2499,145,Saturday
1927972279,2016-04-24,2090,2324,82,Sunday
1927972279,2016-04-25,152,2100,12,Monday
1927972279,2016-04-26,3761,2638,192,Tuesday
1927972279,2016-04-27,0,2063,0,Wednesday
1927972279,2016-04-28,1675,2351,95,Thursday
1927972279,2016-04-29,0,2063,0,Friday
1927972279,2016-04-30,0,2064,0,Saturday
1927972279,2016-05-01,2704,2411,85,Sunday
1927972279,2016-05-02,3790,2505,118,Monday
1927972279,2016-05-03,1326,2195,27,Tuesday
1927972279,2016-05-04,1786,2338,87,Wednesday
1927972279,2016-05-05,0,2063,0,Thursday
1927972279,2016-05-06,2091,2383,108,Friday
1927972279,2016-05-07,1510,2229,48,Saturday
1927972279,2016-05-08,0,2063,0,Sunday
1927972279,2016-05-09,0,2063,0,Monday
1927972279,2016-05-10,0,2063,0,Tuesday
1927972279,2016-05-11,0,2063,0,Wednesday
1927972279,2016-05-12,0,1383,0,Thursday
2022484408,2016-04-12,11875,2390,283,Tuesday
2022484408,2016-04-13,12024,2601,340,Wednesday
2022484408,2016-04-14,10690,2312,292,Thursday
2022484408,2016-04-15,11034,2525,318,Friday
2022484408,2016-04-16,10100,2177,203,Saturday
2022484408,2016-04-17,15112,2782,388,Sunday
2022484408,2016-04-18,14131,2770,362,Monday
2022484408,2016-04-19,11548,2489,288,Tuesday
2022484408,2016-04-20,15112,2897,387,Wednesday
2022484408,2016-04-21,12453,3158,412,Thursday
2022484408,2016-04-22,12954,2638,335,Friday
2022484408,2016-04-23,6001,2069,249,Saturday
2022484408,2016-04-24,13481,2529,279,Sunday
2022484408,2016-04-25,11369,2470,269,Monday
2022484408,2016-04-26,10119,2793,354,Tuesday
2022484408,2016-04-27,10159,2463,321,Wednesday
2022484408,2016-04-28,10140,2296,317,Thursday
2022484408,2016-04-29,10245,2611,342,Friday
2022484408,2016-04-30,18387,2732,397,Saturday
2022484408,2016-05-01,10538,2380,298,Sunday
2022484408,2016-05-02,10379,2473,321,Monday
2022484408,2016-05-03,12183,2752,336,Tuesday
2022484408,2016-05-04,11768,2649,335,Wednesday
2022484408,2016-05-05,11895,2609,328,Thursday
2022484408,2016-05-06,10227,2498,336,Friday
2022484408,2016-05-07,6708,1995,171,Saturday
2022484408,2016-05-08,3292,1848,135,Sunday
2022484408,2016-05-09,13379,2709,379,Monday
2022484408,2016-05-10,12798,2797,356,Tuesday
2022484408,2016-05-11,13272,2544,307,Wednesday
2022484408,2016-05-12,9117,1853,268,Thursday
2026352035,2016-04-12,4414,1459,192,Tuesday
2026352035,2016-04-13,4993,1521,238,Wednesday
2026352035,2016-04-14,3335,1431,197,Thursday
2026352035,2016-04-15,3821,1444,188,Friday
2026352035,2016-04-16,2547,1373,150,Saturday
2026352035,2016-04-17,838,1214,60,Sunday
2026352035,2016-04-18,3325,1419,182,Monday
2026352035,2016-04-19,2424,1356,141,Tuesday
2026352035,2016-04-20,7222,1667,327,Wednesday
2026352035,2016-04-21,2467,1370,153,Thursday
2026352035,2016-04-22,2915,1399,162,Friday
2026352035,2016-04-23,12357,1916,432,Saturday
2026352035,2016-04-24,3490,1401,164,Sunday
2026352035,2016-04-25,6017,1576,260,Monday
2026352035,2016-04-26,5933,1595,288,Tuesday
2026352035,2016-04-27,6088,1593,286,Wednesday
2026352035,2016-04-28,6375,1649,331,Thursday
2026352035,2016-04-29,7604,1692,352,Friday
2026352035,2016-04-30,4729,1506,233,Saturday
2026352035,2016-05-01,3609,1447,191,Sunday
2026352035,2016-05-02,7018,1690,355,Monday
2026352035,2016-05-03,5992,1604,304,Tuesday
2026352035,2016-05-04,6564,1658,345,Wednesday
2026352035,2016-05-05,12167,1926,475,Thursday
2026352035,2016-05-06,8198,1736,383,Friday
2026352035,2016-05-07,4193,1491,229,Saturday
2026352035,2016-05-08,5528,1555,258,Sunday
2026352035,2016-05-09,10685,1869,401,Monday
2026352035,2016-05-10,254,1141,17,Tuesday
2026352035,2016-05-11,8580,1698,330,Wednesday
2026352035,2016-05-12,8891,1364,343,Thursday
2320127002,2016-04-12,10725,2124,328,Tuesday
2320127002,2016-04-13,7275,2003,335,Wednesday
2320127002,2016-04-14,3973,1696,191,Thursday
2320127002,2016-04-15,5205,1801,245,Friday
2320127002,2016-04-16,5057,1724,195,Saturday
2320127002,2016-04-17,6198,1852,249,Sunday
2320127002,2016-04-18,6559,1905,267,Monday
2320127002,2016-04-19,5997,1811,239,Tuesday
2320127002,2016-04-20,7192,1922,294,Wednesday
2320127002,2016-04-21,3404,1610,138,Thursday
2320127002,2016-04-22,5583,1851,266,Friday
2320127002,2016-04-23,5079,1804,242,Saturday
2320127002,2016-04-24,4165,1725,204,Sunday
2320127002,2016-04-25,3588,1654,160,Monday
2320127002,2016-04-26,3409,1632,147,Tuesday
2320127002,2016-04-27,1715,1481,82,Wednesday
2320127002,2016-04-28,1532,1473,76,Thursday
2320127002,2016-04-29,924,1410,45,Friday
2320127002,2016-04-30,4571,1779,234,Saturday
2320127002,2016-05-01,772,1403,40,Sunday
2320127002,2016-05-02,3634,1613,134,Monday
2320127002,2016-05-03,7443,1878,236,Tuesday
2320127002,2016-05-04,1201,1426,52,Wednesday
2320127002,2016-05-05,5202,1780,234,Thursday
2320127002,2016-05-06,4878,1742,204,Friday
2320127002,2016-05-07,7379,1972,319,Saturday
2320127002,2016-05-08,5161,1821,247,Sunday
2320127002,2016-05-09,3090,1630,145,Monday
2320127002,2016-05-10,6227,1899,290,Tuesday
2320127002,2016-05-11,6424,1903,300,Wednesday
2320127002,2016-05-12,2661,1125,128,Thursday
2347167796,2016-04-12,10113,2344,361,Tuesday
2347167796,2016-04-13,10352,2038,246,Wednesday
2347167796,2016-04-14,10129,2010,255,Thursday
2347167796,2016-04-15,10465,2133,309,Friday
2347167796,2016-04-16,22244,2670,406,Saturday
2347167796,2016-04-17,5472,1882,257,Sunday
2347167796,2016-04-18,8247,1944,233,Monday
2347167796,2016-04-19,6711,2346,389,Tuesday
2347167796,2016-04-20,10999,2198,323,Wednesday
2347167796,2016-04-21,10080,2048,257,Thursday
2347167796,2016-04-22,7804,1946,242,Friday
2347167796,2016-04-23,16901,2629,427,Saturday
2347167796,2016-04-24,9471,2187,360,Sunday
2347167796,2016-04-25,9482,2095,303,Monday
2347167796,2016-04-26,5980,1861,227,Tuesday
2347167796,2016-04-27,11423,2194,330,Wednesday
2347167796,2016-04-28,5439,1854,229,Thursday
2347167796,2016-04-29,42,403,4,Friday
2873212765,2016-04-12,8796,1982,379,Tuesday
2873212765,2016-04-13,7618,2004,412,Wednesday
2873212765,2016-04-14,7910,1893,331,Thursday
2873212765,2016-04-15,8482,2063,448,Friday
2873212765,2016-04-16,9685,2148,353,Saturday
2873212765,2016-04-17,2524,1529,168,Sunday
2873212765,2016-04-18,7762,1890,318,Monday
2873212765,2016-04-19,7948,1956,389,Tuesday
2873212765,2016-04-20,9202,2094,405,Wednesday
2873212765,2016-04-21,8859,1970,383,Thursday
2873212765,2016-04-22,7286,2241,412,Friday
2873212765,2016-04-23,9317,2021,363,Saturday
2873212765,2016-04-24,6873,1898,237,Sunday
2873212765,2016-04-25,7373,1907,359,Monday
2873212765,2016-04-26,8242,1882,316,Tuesday
2873212765,2016-04-27,3516,1966,243,Wednesday
2873212765,2016-04-28,7913,1835,248,Thursday
2873212765,2016-04-29,7365,1780,249,Friday
2873212765,2016-04-30,8452,1830,273,Saturday
2873212765,2016-05-01,7399,1739,221,Sunday
2873212765,2016-05-02,7525,1878,341,Monday
2873212765,2016-05-03,7412,1906,370,Tuesday
2873212765,2016-05-04,8278,2015,420,Wednesday
2873212765,2016-05-05,8314,1971,347,Thursday
2873212765,2016-05-06,7063,1910,375,Friday
2873212765,2016-05-07,4940,1897,138,Saturday
2873212765,2016-05-08,8168,2096,372,Sunday
2873212765,2016-05-09,7726,1906,345,Monday
2873212765,2016-05-10,8275,1962,373,Tuesday
2873212765,2016-05-11,6440,1826,319,Wednesday
2873212765,2016-05-12,7566,1431,268,Thursday
3372868164,2016-04-12,4747,1788,280,Tuesday
3372868164,2016-04-13,9715,2093,395,Wednesday
3372868164,2016-04-14,8844,2065,401,Thursday
3372868164,2016-04-15,7451,1908,335,Friday
3372868164,2016-04-16,6905,1908,356,Saturday
3372868164,2016-04-17,8199,1964,335,Sunday
3372868164,2016-04-18,6798,2014,370,Monday
3372868164,2016-04-19,7711,1985,376,Tuesday
3372868164,2016-04-20,4880,1867,292,Wednesday
3372868164,2016-04-21,8857,2124,403,Thursday
3372868164,2016-04-22,3843,1669,206,Friday
3372868164,2016-04-23,7396,1995,325,Saturday
3372868164,2016-04-24,6731,1921,313,Sunday
3372868164,2016-04-25,5995,2010,416,Monday
3372868164,2016-04-26,8283,2057,357,Tuesday
3372868164,2016-04-27,7904,2095,383,Wednesday
3372868164,2016-04-28,5512,1972,385,Thursday
3372868164,2016-04-29,9135,2044,402,Friday
3372868164,2016-04-30,5250,1946,321,Saturday
3372868164,2016-05-01,3077,1237,172,Sunday
3977333714,2016-04-12,8856,1450,194,Tuesday
3977333714,2016-04-13,10035,1495,230,Wednesday
3977333714,2016-04-14,7641,1433,242,Thursday
3977333714,2016-04-15,9010,1468,240,Friday
3977333714,2016-04-16,13459,1625,267,Saturday
3977333714,2016-04-17,10415,1529,274,Sunday
3977333714,2016-04-18,11663,1584,313,Monday
3977333714,2016-04-19,12414,1638,307,Tuesday
3977333714,2016-04-20,11658,1554,264,Wednesday
3977333714,2016-04-21,6093,1397,242,Thursday
3977333714,2016-04-22,8911,1481,233,Friday
3977333714,2016-04-23,12058,1638,344,Saturday
3977333714,2016-04-24,14112,1655,254,Sunday
3977333714,2016-04-25,11177,1570,192,Monday
3977333714,2016-04-26,11388,1551,272,Tuesday
3977333714,2016-04-27,7193,1377,186,Wednesday
3977333714,2016-04-28,7114,1407,213,Thursday
3977333714,2016-04-29,10645,1545,218,Friday
3977333714,2016-04-30,13238,1650,289,Saturday
3977333714,2016-05-01,10414,1501,205,Sunday
3977333714,2016-05-02,16520,1760,343,Monday
3977333714,2016-05-03,14335,1710,346,Tuesday
3977333714,2016-05-04,13559,1628,252,Wednesday
3977333714,2016-05-05,12312,1618,280,Thursday
3977333714,2016-05-06,11677,1590,252,Friday
3977333714,2016-05-07,11550,1574,294,Saturday
3977333714,2016-05-08,13585,1633,296,Sunday
3977333714,2016-05-09,14687,1667,281,Monday
3977333714,2016-05-10,13072,1630,312,Tuesday
3977333714,2016-05-11,746,52,13,Wednesday
4020332650,2016-04-12,8539,3654,350,Tuesday
4020332650,2016-04-13,0,1981,0,Wednesday
4020332650,2016-04-14,108,2011,3,Thursday
4020332650,2016-04-15,1882,2951,141,Friday
4020332650,2016-04-16,1982,3051,141,Saturday
4020332650,2016-04-17,16,1990,2,Sunday
4020332650,2016-04-18,62,1995,2,Monday
4020332650,2016-04-19,0,1980,0,Tuesday
4020332650,2016-04-20,0,1980,0,Wednesday
4020332650,2016-04-21,0,1980,0,Thursday
4020332650,2016-04-22,0,1980,0,Friday
4020332650,2016-04-23,0,1980,0,Saturday
4020332650,2016-04-24,0,1980,0,Sunday
4020332650,2016-04-25,0,1980,0,Monday
4020332650,2016-04-26,0,1980,0,Tuesday
4020332650,2016-04-27,0,1980,0,Wednesday
4020332650,2016-04-28,0,1980,0,Thursday
4020332650,2016-04-29,0,1980,0,Friday
4020332650,2016-04-30,0,1980,0,Saturday
4020332650,2016-05-01,0,1980,0,Sunday
4020332650,2016-05-02,475,2207,42,Monday
4020332650,2016-05-03,4496,2828,174,Tuesday
4020332650,2016-05-04,10252,3879,405,Wednesday
4020332650,2016-05-05,11728,3429,276,Thursday
4020332650,2016-05-06,4369,2704,177,Friday
4020332650,2016-05-07,6132,2975,184,Saturday
4020332650,2016-05-08,5862,3089,263,Sunday
4020332650,2016-05-09,4556,2785,181,Monday
4020332650,2016-05-10,5546,2926,206,Tuesday
4020332650,2016-05-11,3689,2645,144,Wednesday
4020332650,2016-05-12,590,1120,21,Thursday
4057192912,2016-04-12,5394,2286,164,Tuesday
4057192912,2016-04-13,5974,2306,160,Wednesday
4057192912,2016-04-14,0,1776,0,Thursday
4057192912,2016-04-15,3984,1527,97,Friday
4319703577,2016-04-12,7753,2115,0,Tuesday
4319703577,2016-04-13,8204,2135,119,Wednesday
4319703577,2016-04-14,10210,2302,349,Thursday
4319703577,2016-04-15,5664,1985,228,Friday
4319703577,2016-04-16,4744,1884,194,Saturday
4319703577,2016-04-17,29,1464,3,Sunday
4319703577,2016-04-18,2276,1632,68,Monday
4319703577,2016-04-19,8925,2200,311,Tuesday
4319703577,2016-04-20,8954,2220,324,Wednesday
4319703577,2016-04-21,3702,1792,34,Thursday
4319703577,2016-04-22,4500,1886,196,Friday
4319703577,2016-04-23,4935,1945,233,Saturday
4319703577,2016-04-24,4081,1880,197,Sunday
4319703577,2016-04-25,9259,2314,398,Monday
4319703577,2016-04-26,9899,2236,317,Tuesday
4319703577,2016-04-27,10780,2324,353,Wednesday
4319703577,2016-04-28,10817,2367,380,Thursday
4319703577,2016-04-29,7990,2175,313,Friday
4319703577,2016-04-30,8221,2092,240,Saturday
4319703577,2016-05-01,1251,1593,67,Sunday
4319703577,2016-05-02,9261,2270,355,Monday
4319703577,2016-05-03,9648,2235,321,Tuesday
4319703577,2016-05-04,10429,2282,334,Wednesday
4319703577,2016-05-05,13658,2530,389,Thursday
4319703577,2016-05-06,9524,2266,331,Friday
4319703577,2016-05-07,7937,2158,310,Saturday
4319703577,2016-05-08,3672,1792,153,Sunday
4319703577,2016-05-09,10378,2345,390,Monday
4319703577,2016-05-10,9487,2260,344,Tuesday
4319703577,2016-05-11,9129,2232,332,Wednesday
4319703577,2016-05-12,17,257,2,Thursday
4388161847,2016-04-12,10122,2955,0,Tuesday
4388161847,2016-04-13,10993,3092,165,Wednesday
4388161847,2016-04-14,8863,2998,264,Thursday
4388161847,2016-04-15,8758,3066,299,Friday
4388161847,2016-04-16,6580,3073,268,Saturday
4388161847,2016-04-17,4660,2572,201,Sunday
4388161847,2016-04-18,11009,3274,274,Monday
4388161847,2016-04-19,10181,3015,285,Tuesday
4388161847,2016-04-20,10553,3083,289,Wednesday
4388161847,2016-04-21,10055,3069,291,Thursday
4388161847,2016-04-22,12139,3544,322,Friday
4388161847,2016-04-23,13236,3306,278,Saturday
4388161847,2016-04-24,10243,2885,261,Sunday
4388161847,2016-04-25,12961,3288,343,Monday
4388161847,2016-04-26,9461,2929,261,Tuesday
4388161847,2016-04-27,11193,3074,300,Wednesday
4388161847,2016-04-28,10074,2969,262,Thursday
4388161847,2016-04-29,9232,2979,265,Friday
4388161847,2016-04-30,12533,3283,357,Saturday
4388161847,2016-05-01,10255,2926,268,Sunday
4388161847,2016-05-02,10096,3147,241,Monday
4388161847,2016-05-03,12727,3290,342,Tuesday
4388161847,2016-05-04,12375,3162,307,Wednesday
4388161847,2016-05-05,9603,2899,250,Thursday
4388161847,2016-05-06,13175,3425,340,Friday
4388161847,2016-05-07,22770,4022,436,Saturday
4388161847,2016-05-08,17298,3934,323,Sunday
4388161847,2016-05-09,10218,3013,283,Monday
4388161847,2016-05-10,10299,3061,294,Tuesday
4388161847,2016-05-11,10201,2954,282,Wednesday
4388161847,2016-05-12,3369,1623,108,Thursday
4445114986,2016-04-12,3276,2113,196,Tuesday
4445114986,2016-04-13,2961,2095,194,Wednesday
4445114986,2016-04-14,3974,2194,231,Thursday
4445114986,2016-04-15,7198,2496,350,Friday
4445114986,2016-04-16,3945,2180,225,Saturday
4445114986,2016-04-17,2268,1933,114,Sunday
4445114986,2016-04-18,6155,2248,193,Monday
4445114986,2016-04-19,2064,1954,121,Tuesday
4445114986,2016-04-20,2072,1974,137,Wednesday
4445114986,2016-04-21,3809,2150,215,Thursday
4445114986,2016-04-22,6831,2432,317,Friday
4445114986,2016-04-23,4363,2149,201,Saturday
4445114986,2016-04-24,5002,2247,244,Sunday
4445114986,2016-04-25,3385,2070,179,Monday
4445114986,2016-04-26,6326,2291,210,Tuesday
4445114986,2016-04-27,7243,2361,227,Wednesday
4445114986,2016-04-28,4493,2203,236,Thursday
4445114986,2016-04-29,4676,2196,226,Friday
4445114986,2016-04-30,6222,2363,290,Saturday
4445114986,2016-05-01,5232,2246,240,Sunday
4445114986,2016-05-02,6910,2336,231,Monday
4445114986,2016-05-03,7502,2421,265,Tuesday
4445114986,2016-05-04,2923,2070,180,Wednesday
4445114986,2016-05-05,3800,2120,193,Thursday
4445114986,2016-05-06,4514,2211,229,Friday
4445114986,2016-05-07,5183,2123,138,Saturday
4445114986,2016-05-08,7303,2423,316,Sunday
4445114986,2016-05-09,5275,2281,266,Monday
4445114986,2016-05-10,3915,2181,231,Tuesday
4445114986,2016-05-11,9105,2499,288,Wednesday
4445114986,2016-05-12,768,1212,58,Thursday
4558609924,2016-04-12,5135,1909,318,Tuesday
4558609924,2016-04-13,4978,1722,153,Wednesday
4558609924,2016-04-14,6799,1922,279,Thursday
4558609924,2016-04-15,7795,2121,309,Friday
4558609924,2016-04-16,7289,1997,328,Saturday
4558609924,2016-04-17,9634,2117,330,Sunday
4558609924,2016-04-18,8940,2116,360,Monday
4558609924,2016-04-19,5401,1876,258,Tuesday
4558609924,2016-04-20,4803,1788,222,Wednesday
4558609924,2016-04-21,13743,2486,459,Thursday
4558609924,2016-04-22,9601,2094,318,Friday
4558609924,2016-04-23,6890,2085,318,Saturday
4558609924,2016-04-24,8563,2173,395,Sunday
4558609924,2016-04-25,8095,2225,368,Monday
4558609924,2016-04-26,9148,2223,336,Tuesday
4558609924,2016-04-27,9557,2098,353,Wednesday
4558609924,2016-04-28,9451,2185,379,Thursday
4558609924,2016-04-29,7833,1918,241,Friday
4558609924,2016-04-30,10319,2105,329,Saturday
4558609924,2016-05-01,3428,1692,190,Sunday
4558609924,2016-05-02,7891,2066,383,Monday
4558609924,2016-05-03,5267,1953,268,Tuesday
4558609924,2016-05-04,5232,1842,252,Wednesday
4558609924,2016-05-05,10611,2262,392,Thursday
4558609924,2016-05-06,3755,1722,202,Friday
4558609924,2016-05-07,8237,1973,272,Saturday
4558609924,2016-05-08,6543,2666,339,Sunday
4558609924,2016-05-09,11451,2223,375,Monday
4558609924,2016-05-10,6435,1889,249,Tuesday
4558609924,2016-05-11,9108,2131,359,Wednesday
4558609924,2016-05-12,6307,1452,247,Thursday
4702921684,2016-04-12,7213,2947,263,Tuesday
4702921684,2016-04-13,6877,2898,258,Wednesday
4702921684,2016-04-14,7860,2984,271,Thursday
4702921684,2016-04-15,6506,2896,265,Friday
4702921684,2016-04-16,11140,3328,362,Saturday
4702921684,2016-04-17,12692,3394,380,Sunday
4702921684,2016-04-18,9105,3013,243,Monday
4702921684,2016-04-19,6708,2812,197,Tuesday
4702921684,2016-04-20,8793,3061,291,Wednesday
4702921684,2016-04-21,6530,2729,189,Thursday
4702921684,2016-04-22,1664,2241,72,Friday
4702921684,2016-04-23,15126,3691,483,Saturday
4702921684,2016-04-24,15050,3538,391,Sunday
4702921684,2016-04-25,9167,3064,291,Monday
4702921684,2016-04-26,6108,2784,225,Tuesday
4702921684,2016-04-27,7047,2908,255,Wednesday
4702921684,2016-04-28,9023,3033,255,Thursday
4702921684,2016-04-29,9930,3165,298,Friday
4702921684,2016-04-30,10144,3115,303,Saturday
4702921684,2016-05-01,0,2017,0,Sunday
4702921684,2016-05-02,7245,2859,240,Monday
4702921684,2016-05-03,9454,3145,313,Tuesday
4702921684,2016-05-04,8161,3004,270,Wednesday
4702921684,2016-05-05,8614,3006,254,Thursday
4702921684,2016-05-06,6943,2859,224,Friday
4702921684,2016-05-07,14370,3683,490,Saturday
4702921684,2016-05-08,12857,3287,326,Sunday
4702921684,2016-05-09,8232,2990,265,Monday
4702921684,2016-05-10,10613,3172,300,Tuesday
4702921684,2016-05-11,9810,3069,286,Wednesday
4702921684,2016-05-12,2752,1240,68,Thursday
5553957443,2016-04-12,11596,2026,309,Tuesday
5553957443,2016-04-13,4832,1718,226,Wednesday
5553957443,2016-04-14,17022,2324,358,Thursday
5553957443,2016-04-15,16556,2254,335,Friday
5553957443,2016-04-16,5771,1831,288,Saturday
5553957443,2016-04-17,655,1397,46,Sunday
5553957443,2016-04-18,3727,1683,206,Monday
5553957443,2016-04-19,15482,2284,346,Tuesday
5553957443,2016-04-20,2713,1570,148,Wednesday
5553957443,2016-04-21,12346,2066,266,Thursday
5553957443,2016-04-22,11682,2105,311,Friday
5553957443,2016-04-23,4112,1776,272,Saturday
5553957443,2016-04-24,1807,1507,104,Sunday
5553957443,2016-04-25,10946,2033,263,Monday
5553957443,2016-04-26,11886,2093,296,Tuesday
5553957443,2016-04-27,10538,1922,238,Wednesday
5553957443,2016-04-28,11393,1999,227,Thursday
5553957443,2016-04-29,12764,2169,331,Friday
5553957443,2016-04-30,1202,1463,84,Saturday
5553957443,2016-05-01,5164,1747,237,Sunday
5553957443,2016-05-02,9769,1996,259,Monday
5553957443,2016-05-03,12848,2116,302,Tuesday
5553957443,2016-05-04,4249,1698,224,Wednesday
5553957443,2016-05-05,14331,2156,314,Thursday
5553957443,2016-05-06,9632,1916,259,Friday
5553957443,2016-05-07,1868,1494,96,Saturday
5553957443,2016-05-08,6083,1762,221,Sunday
5553957443,2016-05-09,11611,2272,332,Monday
5553957443,2016-05-10,16358,2335,366,Tuesday
5553957443,2016-05-11,4926,1693,195,Wednesday
5553957443,2016-05-12,3121,741,62,Thursday
5577150313,2016-04-12,8135,3405,242,Tuesday
5577150313,2016-04-13,5077,2551,170,Wednesday
5577150313,2016-04-14,8596,4022,324,Thursday
5577150313,2016-04-15,12087,4005,368,Friday
5577150313,2016-04-16,14269,4274,398,Saturday
5577150313,2016-04-17,12231,4552,396,Sunday
5577150313,2016-04-18,9893,3625,276,Monday
5577150313,2016-04-19,12574,3501,242,Tuesday
5577150313,2016-04-20,8330,3192,216,Wednesday
5577150313,2016-04-21,10830,4018,359,Thursday
5577150313,2016-04-22,9172,3329,292,Friday
5577150313,2016-04-23,7638,3152,271,Saturday
5577150313,2016-04-24,15764,4392,416,Sunday
5577150313,2016-04-25,6393,3374,313,Monday
5577150313,2016-04-26,5325,3088,251,Tuesday
5577150313,2016-04-27,6805,3294,269,Wednesday
5577150313,2016-04-28,9841,3580,291,Thursday
5577150313,2016-04-29,7924,3544,298,Friday
5577150313,2016-04-30,12363,4501,415,Saturday
5577150313,2016-05-01,13368,4546,444,Sunday
5577150313,2016-05-02,7439,3014,292,Monday
5577150313,2016-05-03,11045,3795,317,Tuesday
5577150313,2016-05-04,5206,2755,175,Wednesday
5577150313,2016-05-05,7550,3004,209,Thursday
5577150313,2016-05-06,4950,2643,136,Friday
5577150313,2016-05-07,0,1819,0,Saturday
5577150313,2016-05-08,0,1819,0,Sunday
5577150313,2016-05-09,3421,2489,115,Monday
5577150313,2016-05-10,8869,3841,335,Tuesday
5577150313,2016-05-11,4038,1665,123,Wednesday
6117666160,2016-04-12,0,1496,0,Tuesday
6117666160,2016-04-13,0,1496,0,Wednesday
6117666160,2016-04-14,0,1496,0,Thursday
6117666160,2016-04-15,14019,2865,519,Friday
6117666160,2016-04-16,14450,2828,540,Saturday
6117666160,2016-04-17,7150,2225,312,Sunday
6117666160,2016-04-18,5153,2018,241,Monday
6117666160,2016-04-19,11135,2606,480,Tuesday
6117666160,2016-04-20,10449,2536,385,Wednesday
6117666160,2016-04-21,19542,4900,324,Thursday
6117666160,2016-04-22,8206,2409,402,Friday
6117666160,2016-04-23,11495,2651,512,Saturday
6117666160,2016-04-24,7623,2305,362,Sunday
6117666160,2016-04-25,0,1497,0,Monday
6117666160,2016-04-26,9543,2450,359,Tuesday
6117666160,2016-04-27,9411,2576,458,Wednesday
6117666160,2016-04-28,3403,1879,141,Thursday
6117666160,2016-04-29,9592,2560,461,Friday
6117666160,2016-04-30,6987,2275,343,Saturday
6117666160,2016-05-01,8915,2361,397,Sunday
6117666160,2016-05-02,4933,2044,236,Monday
6117666160,2016-05-03,0,1496,0,Tuesday
6117666160,2016-05-04,2997,1902,156,Wednesday
6117666160,2016-05-05,9799,2636,487,Thursday
6117666160,2016-05-06,3365,1838,133,Friday
6117666160,2016-05-07,7336,2469,412,Saturday
6117666160,2016-05-08,7328,2250,318,Sunday
6117666160,2016-05-09,4477,1248,197,Monday
6290855005,2016-04-12,4562,2560,199,Tuesday
6290855005,2016-04-13,7142,2905,350,Wednesday
6290855005,2016-04-14,7671,2952,363,Thursday
6290855005,2016-04-15,9501,2896,328,Friday
6290855005,2016-04-16,8301,2783,258,Saturday
6290855005,2016-04-17,7851,3171,268,Sunday
6290855005,2016-04-18,6885,2766,271,Monday
6290855005,2016-04-19,7142,2839,321,Tuesday
6290855005,2016-04-20,6361,2701,258,Wednesday
6290855005,2016-04-21,0,2060,0,Thursday
6290855005,2016-04-22,6238,2796,302,Friday
6290855005,2016-04-23,0,2664,33,Saturday
6290855005,2016-04-24,5896,2703,258,Sunday
6290855005,2016-04-25,7802,2771,260,Monday
6290855005,2016-04-26,0,2060,0,Tuesday
6290855005,2016-04-27,5565,2743,287,Wednesday
6290855005,2016-04-28,5731,2687,255,Thursday
6290855005,2016-04-29,0,2060,0,Friday
6290855005,2016-04-30,6744,2843,324,Saturday
6290855005,2016-05-01,9837,3327,385,Sunday
6290855005,2016-05-02,6781,2725,268,Monday
6290855005,2016-05-03,6047,2671,240,Tuesday
6290855005,2016-05-04,5832,2718,272,Wednesday
6290855005,2016-05-05,6339,2682,239,Thursday
6290855005,2016-05-06,6116,2806,305,Friday
6290855005,2016-05-07,5510,2613,227,Saturday
6290855005,2016-05-08,7706,2712,251,Sunday
6290855005,2016-05-09,6277,2175,264,Monday
6290855005,2016-05-10,0,0,0,Tuesday
6775888955,2016-04-12,0,1841,0,Tuesday
6775888955,2016-04-13,4053,2400,120,Wednesday
6775888955,2016-04-14,5162,2507,143,Thursday
6775888955,2016-04-15,1282,2127,58,Friday
6775888955,2016-04-16,4732,2225,63,Saturday
6775888955,2016-04-17,2497,2067,48,Sunday
6775888955,2016-04-18,8294,2798,207,Monday
6775888955,2016-04-19,0,1841,0,Tuesday
6775888955,2016-04-20,10771,3727,361,Wednesday
6775888955,2016-04-21,0,1841,0,Thursday
6775888955,2016-04-22,637,1922,20,Friday
6775888955,2016-04-23,0,1841,0,Saturday
6775888955,2016-04-24,2153,2053,40,Sunday
6775888955,2016-04-25,6474,2484,138,Monday
6775888955,2016-04-26,7091,2584,119,Tuesday
6775888955,2016-04-27,0,1841,0,Wednesday
6775888955,2016-04-28,703,1993,30,Thursday
6775888955,2016-04-29,0,1841,0,Friday
6775888955,2016-04-30,2503,2280,96,Saturday
6775888955,2016-05-01,2487,2319,93,Sunday
6775888955,2016-05-02,0,1841,0,Monday
6775888955,2016-05-03,9,1843,1,Tuesday
6775888955,2016-05-04,0,1841,0,Wednesday
6775888955,2016-05-05,0,1841,0,Thursday
6775888955,2016-05-06,4697,2496,122,Friday
6775888955,2016-05-07,1967,1032,56,Saturday
6962181067,2016-04-12,10199,1994,253,Tuesday
6962181067,2016-04-13,5652,1718,174,Wednesday
6962181067,2016-04-14,1551,1466,86,Thursday
6962181067,2016-04-15,5563,1756,217,Friday
6962181067,2016-04-16,13217,2173,333,Saturday
6962181067,2016-04-17,10145,2027,313,Sunday
6962181067,2016-04-18,11404,2039,293,Monday
6962181067,2016-04-19,10742,2046,271,Tuesday
6962181067,2016-04-20,13928,2174,349,Wednesday
6962181067,2016-04-21,11835,2179,294,Thursday
6962181067,2016-04-22,10725,2086,303,Friday
6962181067,2016-04-23,20031,2571,446,Saturday
6962181067,2016-04-24,5029,1705,199,Sunday
6962181067,2016-04-25,13239,2194,348,Monday
6962181067,2016-04-26,10433,2012,297,Tuesday
6962181067,2016-04-27,10320,2034,324,Wednesday
6962181067,2016-04-28,12627,2182,334,Thursday
6962181067,2016-04-29,10762,2254,396,Friday
6962181067,2016-04-30,10081,2002,285,Saturday
6962181067,2016-05-01,5454,1740,215,Sunday
6962181067,2016-05-02,12912,2162,370,Monday
6962181067,2016-05-03,12109,2072,324,Tuesday
6962181067,2016-05-04,10147,2086,335,Wednesday
6962181067,2016-05-05,10524,2066,341,Thursday
6962181067,2016-05-06,5908,1850,299,Friday
6962181067,2016-05-07,6815,1947,328,Saturday
6962181067,2016-05-08,4188,1659,165,Sunday
6962181067,2016-05-09,12342,2105,295,Monday
6962181067,2016-05-10,15448,2361,371,Tuesday
6962181067,2016-05-11,6722,1855,230,Wednesday
6962181067,2016-05-12,3587,928,113,Thursday
7007744171,2016-04-12,14172,2937,416,Tuesday
7007744171,2016-04-13,12862,2742,339,Wednesday
7007744171,2016-04-14,11179,2668,344,Thursday
7007744171,2016-04-15,5273,2098,202,Friday
7007744171,2016-04-16,4631,2076,203,Saturday
7007744171,2016-04-17,8059,2383,305,Sunday
7007744171,2016-04-18,14816,2832,363,Monday
7007744171,2016-04-19,14194,2812,374,Tuesday
7007744171,2016-04-20,15566,3096,440,Wednesday
7007744171,2016-04-21,13744,2763,391,Thursday
7007744171,2016-04-22,15299,2889,375,Friday
7007744171,2016-04-23,8093,2284,250,Saturday
7007744171,2016-04-24,11085,2667,419,Sunday
7007744171,2016-04-25,18229,3055,454,Monday
7007744171,2016-04-26,15090,2939,462,Tuesday
7007744171,2016-04-27,13541,2830,399,Wednesday
7007744171,2016-04-28,15128,2836,433,Thursday
7007744171,2016-04-29,20067,3180,479,Friday
7007744171,2016-04-30,3761,2051,200,Saturday
7007744171,2016-05-01,5600,2225,237,Sunday
7007744171,2016-05-02,13041,2642,328,Monday
7007744171,2016-05-03,14510,2976,419,Tuesday
7007744171,2016-05-04,0,1557,0,Wednesday
7007744171,2016-05-05,15010,2933,393,Thursday
7007744171,2016-05-06,11459,2553,304,Friday
7007744171,2016-05-07,0,120,0,Saturday
7086361926,2016-04-12,11317,2772,218,Tuesday
7086361926,2016-04-13,5813,2516,212,Wednesday
7086361926,2016-04-14,9123,2734,256,Thursday
7086361926,2016-04-15,8585,2395,190,Friday
7086361926,2016-04-16,31,1635,3,Saturday
7086361926,2016-04-17,0,1629,0,Sunday
7086361926,2016-04-18,9827,2743,226,Monday
7086361926,2016-04-19,10688,2944,260,Tuesday
7086361926,2016-04-20,14365,2997,245,Wednesday
7086361926,2016-04-21,9469,2463,231,Thursday
7086361926,2016-04-22,9753,2846,270,Friday
7086361926,2016-04-23,2817,1965,90,Saturday
7086361926,2016-04-24,3520,2049,125,Sunday
7086361926,2016-04-25,10091,2752,237,Monday
7086361926,2016-04-26,10387,2781,235,Tuesday
7086361926,2016-04-27,11107,2693,206,Wednesday
7086361926,2016-04-28,11584,2862,263,Thursday
7086361926,2016-04-29,7881,2616,242,Friday
7086361926,2016-04-30,14560,2995,367,Saturday
7086361926,2016-05-01,12390,2730,303,Sunday
7086361926,2016-05-02,10052,2754,231,Monday
7086361926,2016-05-03,10288,2754,245,Tuesday
7086361926,2016-05-04,10988,2655,192,Wednesday
7086361926,2016-05-05,8564,2386,187,Thursday
7086361926,2016-05-06,12461,2924,273,Friday
7086361926,2016-05-07,12827,2739,271,Saturday
7086361926,2016-05-08,10677,2534,206,Sunday
7086361926,2016-05-09,13566,2960,288,Monday
7086361926,2016-05-10,14433,2800,201,Tuesday
7086361926,2016-05-11,9572,2735,225,Wednesday
7086361926,2016-05-12,3789,1199,67,Thursday
8053475328,2016-04-12,18060,3186,247,Tuesday
8053475328,2016-04-13,16433,3140,263,Wednesday
8053475328,2016-04-14,20159,3411,317,Thursday
8053475328,2016-04-15,20669,3410,298,Friday
8053475328,2016-04-16,14549,2867,185,Saturday
8053475328,2016-04-17,18827,3213,327,Sunday
8053475328,2016-04-18,17076,3133,303,Monday
8053475328,2016-04-19,15929,3114,288,Tuesday
8053475328,2016-04-20,15108,3043,252,Wednesday
8053475328,2016-04-21,16057,3103,276,Thursday
8053475328,2016-04-22,10520,2655,180,Friday
8053475328,2016-04-23,22359,3554,362,Saturday
8053475328,2016-04-24,22988,3577,344,Sunday
8053475328,2016-04-25,20500,3403,336,Monday
8053475328,2016-04-26,12685,2846,258,Tuesday
8053475328,2016-04-27,12422,2852,253,Wednesday
8053475328,2016-04-28,15447,3062,252,Thursday
8053475328,2016-04-29,12315,2794,225,Friday
8053475328,2016-04-30,7135,2408,159,Saturday
8053475328,2016-05-01,1170,1886,51,Sunday
8053475328,2016-05-02,1969,1988,95,Monday
8053475328,2016-05-03,15484,3023,274,Tuesday
8053475328,2016-05-04,14581,2918,220,Wednesday
8053475328,2016-05-05,14990,2950,232,Thursday
8053475328,2016-05-06,13953,2859,195,Friday
8053475328,2016-05-07,19769,3331,289,Saturday
8053475328,2016-05-08,22026,3589,367,Sunday
8053475328,2016-05-09,12465,2765,226,Monday
8053475328,2016-05-10,14810,2926,221,Tuesday
8053475328,2016-05-11,12209,2809,251,Wednesday
8053475328,2016-05-12,4998,1505,71,Thursday
8253242879,2016-04-12,9033,2044,196,Tuesday
8253242879,2016-04-13,8053,1935,142,Wednesday
8253242879,2016-04-14,5234,1705,78,Thursday
8253242879,2016-04-15,2672,1632,105,Friday
8253242879,2016-04-16,9256,1880,172,Saturday
8253242879,2016-04-17,10204,2112,203,Sunday
8253242879,2016-04-18,5151,1829,162,Monday
8253242879,2016-04-19,4212,1763,164,Tuesday
8253242879,2016-04-20,6466,1931,239,Wednesday
8253242879,2016-04-21,11268,2218,241,Thursday
8253242879,2016-04-22,2824,1651,120,Friday
8253242879,2016-04-23,9282,2132,247,Saturday
8253242879,2016-04-24,8905,1976,127,Sunday
8253242879,2016-04-25,6829,1909,179,Monday
8253242879,2016-04-26,4562,1813,141,Tuesday
8253242879,2016-04-27,10232,2008,154,Wednesday
8253242879,2016-04-28,2718,1580,47,Thursday
8253242879,2016-04-29,6260,1854,166,Friday
8253242879,2016-04-30,0,0,0,Saturday
8378563200,2016-04-12,7626,3635,236,Tuesday
8378563200,2016-04-13,12386,4079,299,Wednesday
8378563200,2016-04-14,13318,4163,318,Thursday
8378563200,2016-04-15,14461,3666,273,Friday
8378563200,2016-04-16,11207,3363,227,Saturday
8378563200,2016-04-17,2132,2572,93,Sunday
8378563200,2016-04-18,13630,4157,301,Monday
8378563200,2016-04-19,13070,4092,293,Tuesday
8378563200,2016-04-20,9388,3787,259,Wednesday
8378563200,2016-04-21,15148,4236,298,Thursday
8378563200,2016-04-22,12200,4044,284,Friday
8378563200,2016-04-23,5709,2908,165,Saturday
8378563200,2016-04-24,3703,2741,135,Sunday
8378563200,2016-04-25,12405,4005,274,Monday
8378563200,2016-04-26,16208,3763,269,Tuesday
8378563200,2016-04-27,7359,3061,200,Wednesday
8378563200,2016-04-28,5417,2884,160,Thursday
8378563200,2016-04-29,6175,2982,182,Friday
8378563200,2016-04-30,2946,2660,121,Saturday
8378563200,2016-05-01,11419,3369,208,Sunday
8378563200,2016-05-02,6064,3491,209,Monday
8378563200,2016-05-03,8712,3784,286,Tuesday
8378563200,2016-05-04,7875,3110,196,Wednesday
8378563200,2016-05-05,8567,3783,283,Thursday
8378563200,2016-05-06,7045,3644,245,Friday
8378563200,2016-05-07,4468,2799,158,Saturday
8378563200,2016-05-08,2943,2685,139,Sunday
8378563200,2016-05-09,8382,3721,255,Monday
8378563200,2016-05-10,6582,3586,228,Tuesday
8378563200,2016-05-11,9143,3788,266,Wednesday
8378563200,2016-05-12,4561,1976,116,Thursday
8583815059,2016-04-12,5014,2650,203,Tuesday
8583815059,2016-04-13,5571,2654,188,Wednesday
8583815059,2016-04-14,3135,2443,134,Thursday
8583815059,2016-04-15,3430,2505,65,Friday
8583815059,2016-04-16,5319,2693,0,Saturday
8583815059,2016-04-17,3008,2439,0,Sunday
8583815059,2016-04-18,3864,2536,131,Monday
8583815059,2016-04-19,5697,2668,183,Tuesday
8583815059,2016-04-20,5273,2647,194,Wednesday
8583815059,2016-04-21,8538,2883,211,Thursday
8583815059,2016-04-22,8687,2944,270,Friday
8583815059,2016-04-23,9423,3012,289,Saturday
8583815059,2016-04-24,8286,2889,252,Sunday
8583815059,2016-04-25,4503,2547,146,Monday
8583815059,2016-04-26,10499,3093,306,Tuesday
8583815059,2016-04-27,12474,3142,211,Wednesday
8583815059,2016-04-28,6174,2757,231,Thursday
8583815059,2016-04-29,15168,3513,371,Friday
8583815059,2016-04-30,10085,3164,347,Saturday
8583815059,2016-05-01,4512,2596,129,Sunday
8583815059,2016-05-02,8469,2894,0,Monday
8583815059,2016-05-03,12015,3212,0,Tuesday
8583815059,2016-05-04,3588,2516,0,Wednesday
8583815059,2016-05-05,12427,3266,70,Thursday
8583815059,2016-05-06,5843,2683,190,Friday
8583815059,2016-05-07,6117,2810,250,Saturday
8583815059,2016-05-08,9217,2940,257,Sunday
8583815059,2016-05-09,9877,2947,180,Monday
8583815059,2016-05-10,8240,2846,214,Tuesday
8583815059,2016-05-11,8701,2804,253,Wednesday
8583815059,2016-05-12,0,0,0,Thursday
8792009665,2016-04-12,2564,2044,116,Tuesday
8792009665,2016-04-13,1320,1934,82,Wednesday
8792009665,2016-04-14,1219,1963,84,Thursday
8792009665,2016-04-15,2483,2009,126,Friday
8792009665,2016-04-16,244,1721,12,Saturday
8792009665,2016-04-17,0,1688,0,Sunday
8792009665,2016-04-18,0,1688,0,Monday
8792009665,2016-04-19,0,1688,0,Tuesday
8792009665,2016-04-20,3147,2188,149,Wednesday
8792009665,2016-04-21,144,1720,9,Thursday
8792009665,2016-04-22,4068,2419,216,Friday
8792009665,2016-04-23,5245,2748,285,Saturday
8792009665,2016-04-24,400,1799,30,Sunday
8792009665,2016-04-25,0,1688,0,Monday
8792009665,2016-04-26,1321,1928,80,Tuesday
8792009665,2016-04-27,1758,2067,112,Wednesday
8792009665,2016-04-28,6157,2780,310,Thursday
8792009665,2016-04-29,8360,3101,400,Friday
8792009665,2016-04-30,7174,2896,331,Saturday
8792009665,2016-05-01,1619,1962,79,Sunday
8792009665,2016-05-02,1831,2015,101,Monday
8792009665,2016-05-03,2421,2297,156,Tuesday
8792009665,2016-05-04,2283,2067,129,Wednesday
8792009665,2016-05-05,0,1688,0,Thursday
8792009665,2016-05-06,0,1688,0,Friday
8792009665,2016-05-07,0,1688,0,Saturday
8792009665,2016-05-08,0,1688,0,Sunday
8792009665,2016-05-09,0,1688,0,Monday
8792009665,2016-05-10,0,57,0,Tuesday
8877689391,2016-04-12,23186,3921,404,Tuesday
8877689391,2016-04-13,15337,3566,342,Wednesday
8877689391,2016-04-14,21129,3793,379,Thursday
8877689391,2016-04-15,13422,3934,388,Friday
8877689391,2016-04-16,29326,4547,552,Saturday
8877689391,2016-04-17,15118,3545,380,Sunday
8877689391,2016-04-18,11423,2761,225,Monday
8877689391,2016-04-19,18785,3676,309,Tuesday
8877689391,2016-04-20,19948,3679,317,Wednesday
8877689391,2016-04-21,19377,3659,321,Thursday
8877689391,2016-04-22,18258,3427,299,Friday
8877689391,2016-04-23,11200,3891,408,Saturday
8877689391,2016-04-24,16674,3455,292,Sunday
8877689391,2016-04-25,12986,3802,339,Monday
8877689391,2016-04-26,11101,2860,283,Tuesday
8877689391,2016-04-27,23629,3808,336,Wednesday
8877689391,2016-04-28,14890,3060,297,Thursday
8877689391,2016-04-29,9733,2698,233,Friday
8877689391,2016-04-30,27745,4398,351,Saturday
8877689391,2016-05-01,10930,2786,214,Sunday
8877689391,2016-05-02,4790,2189,105,Monday
8877689391,2016-05-03,10818,2817,251,Tuesday
8877689391,2016-05-04,18193,3477,286,Wednesday
8877689391,2016-05-05,14055,3052,270,Thursday
8877689391,2016-05-06,21727,4015,345,Friday
8877689391,2016-05-07,12332,4142,404,Saturday
8877689391,2016-05-08,10686,2847,266,Sunday
8877689391,2016-05-09,20226,3710,309,Monday
8877689391,2016-05-10,10733,2832,253,Tuesday
8877689391,2016-05-11,21420,3832,313,Wednesday
8877689391,2016-05-12,8064,1849,161,Thursday
